NIK,Pendapatan
1561142475061996,187832.8
8314115073091501,366835.03
3560234988199237,106455.71
2594976595867210,95496.35
4865152745916682,653380.6
3386036823913934,121367.69
8578077426582074,123624.91
7152780945536861,687308.2
9680738253220692,140177.8
3154068249247378,113450.12
8633957731123878,155532.33
6742196318833692,811627.5
8933659766213772,78732.695
2216482531541700,137560.27
9111533204651632,310705.28
9228846715511278,362276.34
3507344830337372,699069.94
7943375402219920,84635.305
5275528618903848,171346.53
7871882570621691,1003632.4
4177167071528371,139156.72
2569127957450630,1444075.9
5735080491574138,130616.99
2244031190728927,572715.9
8119215795938735,192954.38
3975571605913247,87367.45
3327325755634209,388569.9
9624331805756091,164486.89
4085356134817711,62572.42
4504627470069582,995125.75
1309548760912971,117490.7
1153898037273554,165160.1
8948898406329897,138562.06
9653473903175606,88344.28
9200688309136647,118036.414
1794306081359619,95166.37
1304086555404723,880430.25
7818572944563230,1500456.1
6040027521395100,475819.62
3292264298585742,66883.53
3148418745745080,42005.266
3060509603665613,141804.61
4703128327678510,93463.32
6180094798821131,4375851.0
1463896598626634,324594.78
8542334748108940,60540.03
4068020010526445,202125.05
8304764561952660,199969.34
8707830360227150,101935.54
5934940100652104,4385460.0
6984585865787110,149450.86
4393905983463314,82872.375
3336342008177370,181091.48
7451692314645232,503698.6
5666011598603815,158093.86
7873582594118343,626069.2
6420424634220477,161086.7
5719219465307917,303598.34
1292112419482311,126771.64
6692602749233945,1114519.0
9633915025861280,254519.19
5092668016338708,120872.016
4889716170403749,355517.44
5528041938800809,224957.05
6961006028600585,153842.34
1937178893361180,234187.06
6723547877728726,138753.66
6160640440775018,947175.1
8832260433881678,990354.6
1482960451212160,377973.5
6049828194365616,179159.47
6725598013221000,1630103.5
6069411638244824,251580.61
1094526366687417,3659207.5
4016250622705802,454761.0
2734245486919048,143860.7
7926748580861750,2444124.5
5603560242295769,1090191.6
2761350668845076,228631.52
9517948815134380,5000887.0
4620639653437391,3611381.5
1621780498911192,255524.66
1382520040747861,637050.9
9030379526578032,1306401.1
7899700175209522,258827.11
8563150191907649,3457483.0
6361382675735721,618190.5
5614202908541066,1140076.8
7315694825102040,157320.4
7410963976149504,175502.3
6568213708906980,141899.81
7297267269250594,962322.94
6233828002577558,145991.75
7850859002100733,164147.78
1724454078261300,149094.22
5694890099284654,92638.46
8604829936402102,2777640.5
3934715518027547,2599818.8
5739999610855381,127071.17
5034381480236904,173245.42
5737103074205162,113185.945
6462162911115888,278570.84
1105903528174370,88413.79
8322804020236925,2914796.8
4995870871628750,144798.88
2118912920564788,109579.36
2603618353068649,196759.34
1046327590268456,93562.36
3655841934192107,735406.8
1251962417548012,206656.56
1112708679937082,3576840.8
3260476686324291,4180992.2
9762780935985382,106407.83
3990666111276127,170632.16
7209075037900234,119641.25
7128143923327277,1733117.5
1430378377515580,122847.9
1323024672503782,629343.6
6522138222428636,131548.95
2505591005631796,166136.78
6465473959346380,124708.64
8645462248161432,106779.734
4710611754370860,1018383.8
1596589906368978,69999.61
6859087665587040,257026.39
1085321748814623,337618.8
3418698646610652,1467175.6
2332664404976718,120592.125
4154509773692060,3054803.8
5344565401411946,1920216.9
5427694897361635,109844.28
5054788994163933,103144.9
9347602428643611,122432.08
9917474385970720,281463.3
2814078623232729,99325.64
5973575229534303,71155.9
2666771721961055,1955602.6
2366087009486085,304501.44
6401171720748202,298220.7
3975546428332002,2981703.5
5869373027476139,146148.38
6751758047629128,4328262.5
8361792257740969,146816.86
3174948084990799,622021.9
7978242756853584,51787.35
8204751275883983,2547294.8
6774720686915383,88959.78
1787956382411598,3133754.8
3622702106996478,287090.72
9730645265185750,60100.086
8328979400323172,118938.2
9387899971711633,550449.5
6718011050442350,835443.94
6490981638351468,101612.77
1780114300073499,124684.89
5330274866709282,111546.46
1455715728190271,4010008.2
9280293560491328,496334.9
9740190526401437,139301.84
4994373278482314,92306.81
7275457619069687,802239.75
8058824583504895,152642.92
9257698098982240,1237495.9
1389008647344713,144781.08
8383682973075959,108818.86
2210443800516142,183190.83
4349818270435068,212425.58
1990854153629070,421843.8
6170688774373007,124854.09
2013409650790785,459275.3
6919994747607780,658638.25
2733851894134437,108102.305
2585724508151890,56912.23
7212887308735483,185870.47
6145424545196061,346386.4
1691510540266337,103211.266
1139795840469464,120431.22
7779916437411031,143051.14
8507463522831932,192131.08
4176179381962031,238034.72
2562106035412004,2247027.2
3040453970597410,71982.74
5412547508889798,1430233.2
3909371206812404,659488.5
5898545309193548,179408.08
9025355784336713,90384.42
7332323170743041,2359823.8
8288689463124207,296700.75
7853409017860636,142514.0
1684640536295222,119341.266
6766831637767633,301154.06
5124004147767966,343648.78
3389259356130441,1079001.4
1373240980216952,82909.8
2108304744293817,92909.48
7043069539422102,1629481.5
7603480865664386,241079.58
2195682820308135,381883.97
3792073940731767,98091.39
3596501104537024,112549.06
5723378795655803,143205.22
5603138419259464,66434.01
3407663019167458,66237.8
7440921503044965,457067.6
7086182813169609,3628019.2
4542522952182155,98923.07
6064704738459536,291675.5
3068561591517417,300199.5
5133737108867205,111722.93
1381066140845460,96549.555
5189661374638948,106384.38
2994529727148706,742245.4
1511304806786681,174834.8
9672618032816884,142896.69
1974650821887969,350200.66
1508836890085987,1299769.5
9710157751090296,1587745.1
7542663915789853,243801.0
8015806872649157,1822821.1
7331361924994033,1174569.0
8741014086712494,531956.5
2261883312788444,160550.39
2654448981343820,118572.29
7289578573278842,91561.51
5931430003927482,233116.39
2894280281252979,146256.6
6980338310469822,75040.66
5006509669362986,129328.234
9387170159502675,704521.2
3290836592193733,99759.0
3135448839584943,126725.43
7708591902123598,69046.89
7576881195584476,177279.3
4854365959259004,163881.28
5827602903223090,673224.2
2123570814319397,233824.28
5785791025741150,408760.3
3929208676112386,1145194.0
3759579072776711,369511.88
1625037579760852,79891.164
2359277275568539,93334.055
5415901775820354,255876.66
8420486706437870,111810.18
1551499224230017,280866.4
8726366956596878,74627.43
7191839725117584,88973.56
3192137243835442,465992.47
1648661105381100,424030.8
4942856378937341,93582.3
7440516615428130,291643.25
1997493897171352,534946.5
6368137734830613,207075.12
6456777025061313,2564520.2
9523733358011300,100314.38
8256352488795639,415438.56
1163554891057863,90645.375
4790380601872791,231142.61
7207124155964495,946787.56
1297120252002993,93291.83
5774158647751867,573443.4
4400578575988131,354257.5
4467561814284963,240496.66
9175178382393512,318029.5
1519541945248195,175138.62
6263155034902363,688500.3
3469914912884475,86329.65
4453700140163487,1276662.4
3656120088554472,3493757.8
4278709972884740,123797.06
7020334540972847,205756.22
6544071767278851,141182.19
4350604311303686,1045633.56
1028376669216208,1607503.0
9758554923022565,211301.4
6873100946418171,2790113.2
6604774102985523,185780.36
1654947391961326,134722.05
1891644192903564,62036.016
8319487378000186,156777.81
1427766589796396,1047372.0
7284865421389795,510567.78
5134594080954071,144871.06
1799178358294211,101497.89
8164353182557136,321784.66
9950717187538199,62302.19
8115048076927281,2702041.8
2211729783476880,100872.59
2033689054761042,425854.03
3089765157233610,797444.1
1960966674326369,186267.48
5129713148138641,2624074.0
1113839286623181,503606.1
9794010915255354,377423.97
2874543244644682,612380.94
5274674419636147,152135.6
7411911331160487,180570.02
8115753469357903,2200452.2
1030468750367048,184803.72
1000803186902076,96926.766
3324708125739121,108457.06
7150259439615986,195526.66
1035811419137002,124141.625
6633842409898239,238735.55
7943805833142669,109124.875
5013027980052797,99297.625
5353763153995026,76806.42
7193851561482841,390397.62
8083880251736807,1582215.4
4069498514120215,262823.47
2961319802640825,227635.61
2204352966989075,2393005.2
7710743471212241,93549.984
8571990402694855,1874849.1
4442733668070387,276882.2
2293430513013987,397109.47
8593463311264660,193425.27
3164414612746166,176493.08
8698856570094816,179222.23
5565385107331251,89633.71
7947123895183685,610616.94
8821480297309752,533139.6
9078804631765353,147371.45
1947634178601129,110679.984
6147423488145112,132010.17
8239927821748085,114214.07
4656090942040491,75488.734
7031604217277201,2815548.0
5578439159421139,570627.06
5560248804181269,478497.0
3152387262226891,131173.17
5686659754329773,47392.605
4602035691706346,2532655.5
7740746384375861,698133.25
6871302971798014,2210729.8
7512849075330878,326075.88
3851382719907082,502740.03
8334532304377264,1229907.2
3837279395413951,380011.9
4122816739347251,91562.53
2376362584543261,270287.1
2085806319502049,722571.5
8332334909370388,181861.66
7262599457058504,64982.895
7435812723749396,100436.766
5482522779916856,316991.47
3441277519416652,737200.94
4965998917567549,513875.47
3263218197691976,105429.24
7968588134435049,147159.55
2851109789385367,144651.11
5748681834432870,1271745.2
2581071943990575,1323241.9
3136409031087869,2817499.5
9500913883381854,171806.0
2085107679100641,350760.12
9488843920372137,110380.22
7923792335658316,95071.195
4225143984296249,259436.36
6188671466737993,127599.02
4039296254594806,125655.78
1853210127148248,80221.266
2202790693014138,206859.45
8599034186762207,105297.67
1239764836667781,445549.16
8074847964964602,141029.83
8355206470564616,90958.63
7458916895088265,110682.914
2307173316059020,163596.55
8985701660591042,390550.9
4673893693916168,446437.4
2492726851378995,1410879.2
6077266602637263,2625953.0
7692385422229493,82155.055
5175382346599726,1675697.6
3744894147576994,1766037.5
8118151929709499,245149.22
1445929358585357,297077.97
4744546625798313,157452.02
9986901392565016,144123.83
3852809665869694,315795.25
3239893480441359,98557.664
4625544054988287,320859.12
9870041426361217,652662.94
6170164342065765,180603.3
6179748612159042,68258.234
5679630655056064,980890.5
6837228105632218,1532726.4
2914186051539214,298193.5
1415001294614584,95006.734
9921056346016659,83680.016
2925513579845489,203099.0
9225468209380587,512924.22
6186965764099827,34815.49
5690973024921057,894921.0
5331749904906453,92078.305
5824526107904472,316166.88
4882002979638623,2549143.5
9483352440410760,544241.1
4347536044194107,195849.03
7100214953096307,116145.74
2836003906830748,854480.94
3133525409120958,129180.16
6772931924329933,144211.48
7086067899850140,134047.44
7132837933557284,253137.17
9029381401226636,192537.48
9037684445901438,829655.2
3539225657021931,2038243.6
9275545452776885,166511.38
7507061256604362,113760.92
2677357697973437,141232.44
3785117288895253,165014.92
6009154017347408,100148.89
6515686966132587,2068258.8
5782173938300085,85567.45
8096161321242502,1219303.5
2126464433609152,140274.11
1571959278185534,134311.55
4420525010004748,157084.52
3190059825230222,1553075.5
7650490242217418,792966.8
3146175020981149,100978.34
9699521363835458,81315.445
9493975706447823,86630.23
3830118770318803,1195833.0
1585463531939786,223478.61
8000704365368251,783230.9
5890830471064947,995272.94
1520406342038238,94941.164
6609158150524574,777058.56
4788087201441565,1609133.5
3579307817225437,161275.27
4227105152264103,175502.12
9854369042892891,4952744.0
4220141150926678,132666.11
3215141492784908,129353.36
5301119916176706,93114.92
9127016196130125,233151.88
6832483946108527,131666.17
5786930998046300,461899.12
4401915987427035,3657347.0
8326845480175379,559102.1
1440546088087653,4009438.8
7404097987072675,91055.164
2446658165530061,3773609.2
5715606677858658,97214.65
6996518621963968,1608724.9
6608193444792829,101153.97
6303502095867748,1520017.4
2933678633087526,1028897.2
5124788117715954,124158.6
7936520820524562,157104.08
8893030339841495,160370.78
8665323002467493,1691041.8
4678776950017138,4035763.0
1363423236408636,601330.5
5905925124538091,294466.03
5063355006595240,492412.72
2195852836247744,186110.16
5898444039685707,986859.94
1185486688018922,126198.38
4611972153704975,143294.39
1991814781975392,110308.47
3456944526064414,135448.5
7520284692283480,2709224.2
3394114118232035,76863.67
3044167167408406,369668.1
2299700674751725,139265.06
3162355412664400,261646.17
6736029925035383,224618.66
9865777975036760,91042.766
4376670295018949,245545.62
3510362123523286,172453.33
7392677489026238,86948.1
7350639452734120,92490.35
1801798303427477,237778.06
3828756571470355,148989.52
8790025279904478,330778.62
4046907516370641,257805.25
1190336080766152,1039237.1
1798416066630977,64198.5
9808741738140008,217139.95
6588879253568990,258070.2
6291707872800586,224600.25
2548466184208398,96348.66
7294101633311028,135396.0
3624423322597764,136937.58
3545747068081176,180709.48
1185035163682117,85525.72
2466895224895121,1955247.0
3909980909710351,101574.29
4240881594515327,641989.94
6811659720401692,556601.7
8786952496143288,208562.84
2171908353227070,3342394.2
4398298627792255,58597.832
4427958551302023,68186.56
1677121423057584,408261.8
6806832267763587,133968.16
3188093060689042,348124.97
7132683971819500,455719.75
8750931985060813,162491.25
2734769363143302,3264771.8
7183027938572771,107876.43
4263527535946691,151675.8
4816378842727519,943968.75
4973391757605378,1601505.5
2521650896063901,116495.41
3932370224883166,1481807.9
9193916303280341,161151.19
8045418377534377,2755870.0
1286138212122783,1207396.4
3260383362112296,155529.56
2787068761841930,72656.58
3170400493521503,413947.1
8037993159540650,132925.03
8707531006309030,210486.83
7499320460833847,277279.16
9658079117707491,248826.5
3681052600210494,216486.52
3346868761352722,57316.496
1208175946609310,418988.97
1451176023831347,99150.49
8460958579677648,205799.84
9525436419381333,248950.38
4906405206490798,972739.94
2965736523876850,632435.5
2180653033541244,1542046.4
6933725329425987,102940.555
9381150801268118,106505.766
1267701035333939,821633.8
8724161697895234,1254685.2
7318061767583163,545416.75
6258063283362202,545667.56
1241423741318271,864571.7
9670171801439401,180307.16
3120031570950580,372332.3
1509046763880598,863800.6
9145933145694274,743552.44
8319509062824887,523800.1
7603430573433048,166483.39
3558892129707175,564441.4
6605736626863425,348469.25
5474759500419380,346690.34
8837026700141406,3358233.5
3059841262063432,140669.58
1380513162853045,113576.83
6660238427243512,1954390.4
4578166231460911,719745.8
6448360478923766,86348.016
4120439342897518,714120.9
5461297130449634,733089.1
6192779820631968,154016.67
1849563002995743,1323835.8
8347335791239300,98484.45
3404693889865641,112831.93
5156726109076860,94193.96
7494419846433960,362748.25
5562806272558817,663678.44
4165781008197959,148733.11
3669513420452219,624418.25
8312534933724980,376868.75
6316681789726855,141897.17
3539359005054279,1221693.2
9896970881886395,436556.2
1950542374150373,212779.05
9513562850570037,348308.5
9256417977349134,1533005.6
9434135835006410,4710781.5
4030619430519120,142682.42
1492831901399609,1759455.4
5308442192542392,110020.734
7374344417099537,1525600.8
3895051319079736,339900.88
6151735406958941,319214.84
7280047182342528,328086.44
4155110460307212,119343.85
4814194689668962,2211609.2
1908029109555028,3098024.5
4459527439888293,186260.19
1165618511806493,3727735.5
1721133048815229,387195.16
1932733800408585,250775.31
6636388654365432,110396.84
1551506311391644,4647520.5
3117029400187561,88330.03
4598307029380581,574751.3
3490479197722322,103946.98
9016208655698981,268935.47
1325514361343687,118742.14
2711245417807481,2245765.5
4493105132220754,1270583.4
1698566058357805,88783.055
6240552850180096,199031.6
6788623967874283,178200.55
4940630619013758,393409.1
8337391618553197,462807.2
8852603363842162,371582.1
8707838775923114,244971.44
7621219567093640,2571114.2
9060131973234501,682692.75
7400126712191217,544429.7
4734809970905713,120167.39
5223783016615632,103329.414
2046985259979366,1065037.0
8720762234353655,163586.5
4371458385638760,425234.7
9027699691161419,584958.9
8679059628103369,71286.3
5905730447463845,402794.53
7319152951450195,106224.234
2723617503212136,367977.34
2640764755458007,259202.16
9067325541899713,650276.44
8068675961052231,109049.305
1678144085509785,48080.348
3892428538714848,3111513.5
2278835701559952,97077.41
3624110045611767,138313.31
3433699686174855,449887.44
6800046406048958,96546.36
2523599323222798,108332.63
3389422717199794,452651.0
8229598956601636,467237.84
8893597576798573,164079.34
9393506321615418,95575.15
9148957442260046,1065723.5
2491865803779706,166690.61
6978686426865512,208121.31
5145228766003876,92871.48
6319831242200999,87400.625
3975752549427559,112140.69
6896592107131629,122684.195
6046584205796596,410788.03
7389260627075024,126953.75
1946040052945304,1909468.4
1986517055778991,234696.42
2819250178861626,566109.5
4194631366230336,49200.477
7223170246235161,670699.2
4032183188635657,464176.62
3480117753836438,171057.94
6032925490132665,2986841.5
3040646641451534,2121228.5
6986370124582464,121118.48
7935878869086581,122800.945
8032438955909188,86137.12
7760181616694378,281900.66
3110346546955315,134617.84
4298491039196538,1323203.0
8450024906739783,3515478.5
6763242503310756,1213223.4
5721483057120282,414653.6
5509000826002517,154546.02
5578496523430533,189803.03
7555931254576107,379530.44
7293990336769431,3599214.8
2305486113426655,613170.6
2944946093749178,136642.78
3835938076704519,118012.484
3521587401216587,787653.06
1962896034718529,1485036.1
1147083803760488,319484.9
8055088807346901,147293.27
9471644401053439,86807.0
5085203161312399,912511.3
5110288469637377,68529.51
3427036756107445,221773.5
8241349617628843,143057.42
3926657509692493,2214810.0
4283253654647870,103810.02
6621812895114748,77505.78
6657245717970942,151069.25
5139962489723764,134441.03
9598647067961250,41981.99
4729980893949259,114122.984
6825482977467156,161927.06
4039969386014891,215050.25
2043184687151917,1366234.6
9021916912949188,145487.55
6236468194269549,61281.844
3042798487252129,289844.78
4830299396404034,140162.4
3945990125462124,146166.11
1789253955914076,4294550.0
2406147562001358,323006.06
4352823820514264,958263.06
8717633962907465,126549.484
7079055702910871,149801.55
7216012378217070,1332389.4
3157866046100670,346032.5
7457655498632382,1613535.4
1854865570980256,147988.08
6481517248631642,130026.266
5173069589188485,2131579.2
8331502886596211,2420610.8
5476946828399825,82608.18
5024779756729582,108000.445
5221593931577149,150842.33
3641004565630121,74961.37
6696485651295394,100193.77
6437895185144915,244902.16
3016117078592197,576821.3
8342163646946784,505092.84
1316223449324863,713726.3
6725219892870700,115382.44
3759042924836732,157486.0
7261809996985035,3480798.0
9266644246426741,2107331.0
5829702960377042,203350.05
8804876346853303,185420.55
3844193825160774,266165.44
1040009547562930,1887738.9
3844788614069314,933454.4
2662298472161984,1228918.2
2544894352872217,4392109.0
1276471940849339,83627.46
6921306759893301,516631.53
1634617747666288,120985.66
2716965331957121,485140.03
8179866295600879,322593.03
5698090426695600,174489.89
7017226043055988,742348.06
9443808818907976,554116.56
1595893898962874,37982.15
5830998230102801,84812.945
4062586650900423,201970.08
9270428266404075,231874.16
4776773593808569,75968.055
1410645613035963,91643.695
7886017306476567,117668.94
8078875282175292,175416.23
7284618810699992,90881.2
7361542574983445,789881.5
4042877090799017,112446.31
1916139437762340,272750.16
5397460623673797,95596.31
2316557067562456,97345.92
4655585687437384,552595.06
7161867407205831,1023741.25
3444751890753838,93831.695
6278757157067756,1792495.1
3173134869421858,76710.94
8380523957335872,1759365.2
9857238927112645,238957.52
4952455620099741,399563.78
9560043078767511,188228.23
8768861953840123,76178.33
7413372462841356,603159.8
6066746310905460,137996.7
5256576755013093,217451.39
5801175899096627,199322.47
5908047095287281,4889390.0
6452890764996905,67707.43
2254618775825626,1509966.0
1884246034012135,116231.22
6763306747606806,1600181.8
6809109381399737,1153381.8
6449349651828803,1529956.0
1768058148951410,506970.78
5471579434107815,294853.28
2666857180134369,2728168.8
5961168051292395,469767.94
1877824928568742,857244.8
6181636781774198,138085.02
4740280794438813,452985.0
7617710003713793,435049.7
9226839790960075,188978.3
9116991964251913,1978599.5
1842146094930243,647273.2
9743945270787739,649835.6
8231026159092526,624814.75
4839553533053740,733149.6
6264034722032624,2178428.5
5870434815954261,174084.73
5719923981891931,545588.0
9730342405032096,1592285.9
7696211748646782,257091.44
5400630123969968,373375.75
1506142862332106,80111.16
6355986062048399,3743980.2
6131556263982835,95968.7
4180393481924396,271388.38
8706544232933907,241848.1
2004017621415566,123938.23
1281731604322565,138592.69
6082335174806240,118016.945
9946809336600693,93703.41
9996708679644349,926159.75
2526538162680501,125148.78
6125988464731418,303318.47
7325761069451059,2456845.0
2283605196407832,532684.0
9556691312772532,610224.4
1363950317377419,1135789.4
1781713434293274,228904.55
1962387982141590,307686.1
9330141075482813,1881191.6
2600277130713728,172389.8
4456405724175677,171173.1
7234141442421807,1782107.4
6477160669929847,2135290.8
6774468236750187,137232.95
3208780737900745,396770.28
7848802723114555,1183128.0
5530773307204011,1320872.1
9764305939015463,215713.52
4958804492059406,305649.6
5039955704256540,1537774.5
6699349647502725,97628.45
7432722585219343,99896.875
7783304761302842,789342.3
4423565797206112,236840.31
5497843946234720,135030.9
6416107185313578,148197.56
6300109482767870,66523.836
8328208264195083,417131.03
5081713002633003,166907.67
2688920117400750,100252.51
7002186433183746,69921.58
1516186806917682,78805.68
3717822654394267,119173.58
7741462311971169,3496501.5
6305216475540571,164974.95
2123050404604170,565187.4
7081667015591780,272146.22
8762602184647028,106015.914
5657202784848873,93769.445
5130598371983251,86984.11
9788961014380557,1394268.0
1943718331960890,5158127.0
9295301348436886,1037803.1
9484246725791632,188883.92
9070648819905680,1374991.1
5535207366177526,267853.38
4921989642483618,563199.1
9131073481598848,822334.2
6316954644299062,132329.56
2017792744159729,841680.3
3636671646328223,80985.875
2509963085986678,166643.81
1491394361078498,99664.13
9608327917746749,177728.56
5268769350441775,87017.86
1784803319592272,55766.082
5783209090765242,151797.52
1524004278490423,3305732.2
8688916721855303,161060.12
1130677426647202,100831.98
6762985041639735,133826.52
4505978198177059,645325.3
2524591903722217,2534827.2
6508492674215934,560660.8
4673632445537158,120832.72
8929055160948810,198669.86
9190543370602016,85322.266
5263366239238659,125854.484
9671493344635344,159928.9
8936604228115228,111391.5
3650966127349551,350981.12
2385223071922171,326803.7
6755751700260194,335497.9
9577914652594607,2304729.0
1685540069257841,2354930.0
3470517830887816,203444.95
3433353006347945,285738.03
5123143449115386,103677.59
1971579336228750,147792.12
3143840997523757,849150.7
7305627671441291,125783.875
3063729818515356,2909326.2
9108641457518766,1038156.9
9936618066756209,3942086.0
3405499610532209,304875.3
9104968081724410,211001.92
4058000265330993,120032.195
2224294748803226,514041.28
9603293997056482,2525679.0
3127067659545363,173060.6
2499987438198551,3470651.2
8877876665928495,2206383.5
3680491910217799,118642.38
3742924266422166,414709.78
3268735708109684,2530098.5
2321088347169247,164784.33
3416185687567899,315854.03
9694554346751816,560556.06
4694876587700359,99558.27
8860292645232357,148003.3
2596155100034937,458584.8
8713461956980476,126579.66
6370913234689489,2859320.0
3759179514918630,428859.94
1974102948109349,552498.25
4405153039677769,769716.1
3302622433862498,153178.8
8935752202935471,634889.56
1792552365601450,2768904.2
3049265933218038,307739.12
8209097775086637,94773.875
8194514707441166,137729.1
7186695071059425,182081.17
3950606473083557,282630.25
3219359301326984,89574.34
8399047906179588,2900039.0
5064641932751178,120878.47
6559720114370971,69472.414
8306741584590061,1367949.2
8030446192207163,997845.0
3676514285574411,1513251.2
9799010842616530,1388382.5
4710679257803039,74224.875
2435213258864431,116627.875
1427170255518105,1118791.5
5168149827954947,206159.78
5833694893737898,1322247.6
1000168112533992,103913.84
7789404046187819,343655.9
4497067928666267,2632975.2
7433591159833972,259069.06
8300897670404979,484380.12
9873036208764497,2892697.8
4101804395038227,97224.97
4395007745664619,248924.97
1239354702093253,67672.69
8713353824238843,413858.47
5725161232134361,150016.17
5800161117522489,117958.58
3971430489848452,570247.25
5450429240307359,173932.94
7270070053933783,1305693.5
2922011369401676,874601.6
4723248265816029,134662.33
1565669632620977,81661.56
8182370297415893,430745.88
3091841377769840,203457.33
9055982504377397,73165.24
2999974857622547,119258.5
8029961193909957,526070.5
6972902310683707,287074.38
8866950301541426,110552.625
5596385271301259,591543.94
7118602755467893,118916.086
5506830478342862,334090.72
3893236243588152,115101.43
1669073372213745,1236374.1
4362909164372583,105579.6
8739584710643627,118125.336
7949041378205195,205034.77
1320510229632939,3189307.5
5172854533336089,123650.62
9667671595880647,363787.66
6898861182460828,2372452.2
4868143790454364,90340.734
3997187331119408,295424.9
8089530448226301,62668.715
3983133839161419,85966.44
1331104778493798,107281.73
4107233342825248,424627.75
4170566074450734,740455.4
1195890801586780,195993.95
7214958839062258,91766.586
1217296227346761,323104.25
5287858124745253,132752.3
9963999022832449,889789.56
9520376915805266,1580542.0
4730835022814015,94014.87
8099982661253713,203033.66
4156983535613908,185771.22
7575661691540001,163737.3
3787152250819991,210352.2
4017410329932453,271638.06
9827869576208788,565547.4
5401203026162663,2791322.8
4055005524139802,208311.31
1096848062187910,83943.74
7500971814001648,102920.15
6110187201560387,144919.28
2443586377896284,493176.88
8435458895641690,1885006.0
5648661711537011,487669.1
3789686656662164,141052.39
3888104587495670,1531556.9
9158074754857681,280002.7
7885425154285313,889764.2
1296279013623727,549594.6
4678231978616502,104063.6
9520990499525753,2260739.5
1919461458370222,121904.87
6124465376718518,72312.836
2178733828577940,610229.2
2101822875859490,85857.336
7775819693100998,271484.88
8087145641969787,476734.06
8676368207569498,121782.79
7252504573931925,935282.6
8082115469157652,1363514.2
7939150107613654,121710.164
6731346381924358,4690438.5
3352104785723464,99407.14
6148908819292001,142668.14
7752133128060371,93132.945
6175196081269186,504604.0
9935554149245965,281119.78
8626820457470610,129165.664
2054273570157077,3124399.0
2721569412870952,154999.34
2081654516049511,92939.18
3177773031470624,237311.23
7485838469165922,126937.06
9824024407977978,101652.05
8508816667278267,2317500.8
4040089953558281,88887.4
5236229772207206,2358817.2
5126932434623366,473778.75
1880362494754824,2007201.6
4765962969005767,147326.9
5459707349231581,147346.86
1336000809250254,164220.36
2866928668674812,96053.625
4477657530610200,358736.66
2980378220675128,1055394.4
6121651011615996,166247.27
8440665410310721,247319.77
1704987709210593,853595.2
6546336342003564,99775.59
9018832587617752,374701.06
8066403430898054,119963.47
1727108411969833,580430.75
4714331130106618,96846.53
9137132979361530,97678.414
9328813402008048,3079978.2
6702538637113612,104173.625
3861108433588437,132098.56
1017416651797648,182648.4
6161707145168859,166879.45
8804345074677084,1074767.1
8651275392122214,2807852.0
4129344887974388,222277.05
3630466357923668,685747.3
2768480783469969,1391086.6
6180412159778478,157646.11
5213029101771492,773022.7
9373090434381061,70293.02
1196211646535315,4608104.0
3721465984962771,146906.27
5159966692001934,92452.37
1404838217566640,191569.9
1134675857430368,2527014.2
4546127729849678,99630.0
4250265617398779,350342.5
7761258513134544,122674.29
8983333628638069,431739.5
7744908052434094,100444.62
5825937995775571,2756331.5
6269394941954582,1600535.4
8847252663466908,162743.17
8502713576463099,635923.9
3911534946493860,730846.6
7110945348314699,110999.88
9585092797543859,231408.6
1228159035518554,141616.72
4961280869917615,85748.27
4997391191350679,104528.06
1168271382354569,428286.03
9463603239604776,4522364.5
1121055307507198,3225480.2
1226657024190070,184324.36
8629562340343044,325086.53
1176649381616317,3139005.2
6461141228235560,176771.8
8532409684118665,865032.3
3161728708982618,149649.31
8195617749039097,90603.195
2806826645827295,97277.43
7093084122213521,295049.5
2124078603187848,1416767.1
1733444539211933,1365361.2
5628027105549832,525541.3
3849912408642603,960338.44
4788210485267742,89709.93
3817184823995593,699962.4
1389605318983561,103295.25
3730500242586135,262399.66
3946749614483524,187352.33
9762510198403657,1051558.9
9797663342465940,429306.2
7161957927411639,1398786.5
4718532922582500,166341.14
5652389196111167,1996462.5
2011317965082205,2818163.0
9885357828596321,83141.945
2628128160068201,85660.84
9067089025044049,1790379.2
7492021109681940,117197.92
7793450486971727,137308.0
2861974222946566,56518.64
9357183401825842,319801.22
9935417455657607,82638.27
5736668587636782,101512.664
7338836602899695,468760.66
8861519004618049,1619084.0
2991775582216174,1612187.5
2042821907502975,2035633.1
7177178554209899,68934.72
3334500908799672,248209.73
9428799528075930,142128.06
6219803046002936,179170.39
5504695489638913,1139022.8
6536130176676007,105879.42
9063411456842727,841255.7
3967815933434856,88291.59
1100314899287825,343173.75
1444638538504076,494614.06
6363129928588653,120357.55
7910012358786038,221731.4
3091787379904035,145994.56
2638763694956022,364871.88
5569054774615296,268331.3
2760593272195041,83993.82
5408806950343953,164331.77
9917779033283686,103450.07
7929335989912248,733097.75
1579867031924944,152533.48
6267399627313391,1065791.2
8535326939216035,214460.31
2778582704916144,137510.12
1213347087988029,102014.81
9217634664457816,182262.81
6825756170370345,162776.28
3923978549198818,737903.56
5034767257159899,1533878.6
3497799994444304,410498.62
6356043598880268,4076688.2
4340507232664020,118589.164
1868637113970458,158952.36
5869461018147759,4653267.5
1546613595416888,374739.75
8448948350766950,112820.45
7374297905780461,497819.72
9780605904665974,1977854.9
9497546578085073,111250.06
7850026879520461,75671.84
7776125675699114,113342.75
5680262326495110,81572.125
4940911040339844,286192.28
2500842870599207,4077265.2
1161456593137990,783274.06
6201554647174285,113993.39
7431070669454147,112715.6
3097872713957880,82309.59
9310374250213637,683736.0
8749428655384483,181634.81
8900006517099348,153734.52
4056192759237975,72540.01
1823266825282269,1241796.1
1459303155411977,92069.164
5702923636191332,233891.7
6660993074697131,242723.0
9020754712044791,2025071.0
2399620090941152,205983.17
6236702679986206,2386723.5
7524260009603841,787590.5
6996142871986742,297543.84
4853153219127498,544603.06
8473070833782523,672449.4
4726396254388360,185684.17
5268613108769654,1481143.8
6984243291384927,254434.86
1799215323517447,313084.3
5722865956401504,875957.94
1549439247963637,3384409.2
3017142198988438,112857.47
9468847723243741,1293267.2
8445635757504578,177250.11
9694563029343208,3121245.5
7285357582131963,317354.2
4861375469181500,111497.18
4931914226252677,73075.58
7217987027791161,254979.03
5507998567392531,844958.1
3934717643832227,2330861.5
4025327925149705,181045.92
1730339018748880,133797.56
2246850568325627,2401120.5
8186796497739093,528485.6
2540058406065955,139855.06
3203884318994715,134235.52
1133679376649421,86662.56
2266346854106703,93921.53
4955441460756723,1224531.2
6061290361645522,4202448.5
6270081585752701,4618000.0
8819345081534731,488361.75
8113247392000518,76477.63
8196860411455890,2419733.5
5367481194080532,321408.7
8050980388632532,99918.05
8842735241983449,106621.43
2046841646086962,132521.16
9463702332955494,107211.53
7452606028808282,1543664.1
9379311640807155,1089656.8
4833113934258087,71608.94
5201540452559810,173204.08
1996730827427513,818622.25
9626934676341730,94167.94
8317294573636217,969150.44
7444544548314018,110246.125
5146845697611775,2860818.0
2090268332012412,734795.2
3630653208920267,846934.9
8465914656075649,812617.1
1030759657973964,2124398.5
5914171670037526,709786.25
1282542938721142,2976708.0
4444087774548617,824708.94
4072656292919288,3830491.2
4011012986551164,982435.0
7916423844444884,329936.72
3445577173281830,36041.344
2762231594759403,102285.86
8503041946550612,62091.426
1846565384199329,680822.6
4334475544190193,4066276.5
8221925013714053,92387.3
4882877253927092,187500.3
9047971052631504,129028.94
1723990042215780,111161.42
3815042041044042,3281934.8
2234924472470898,3740414.2
1713997391044773,880304.3
4503981533275573,93691.6
2065498738984514,310493.03
5833657033903416,63955.2
3565020989452388,104606.58
2372439303843996,137316.78
6919767663871512,174989.02
9587629479959317,2945097.2
4756729091491058,122911.46
3429917312914819,335935.62
4933375334369474,113039.7
9442209096894964,63180.543
5453118326569160,182137.44
5074819991930335,3120274.0
1140588297632266,92627.4
6633913675531941,184577.53
5135746189160355,968188.2
4982461746443260,82735.26
7425269686123253,1021208.4
2718522408401220,96270.914
2828244696792488,75781.86
1901228635575068,206106.88
2780798064948056,927012.75
4239633403874874,3941499.5
8172700997816573,880469.7
7749815730070357,372281.56
4176901400799216,116171.6
7627512676597932,964166.5
2725395809418787,400034.1
4478855562023798,99415.28
1230396800707980,124654.37
3972268983115995,140452.1
3182107955417206,94855.62
1177661073318640,665614.7
7089584972599285,1064113.9
1000185407313093,885795.0
6532899542416183,141441.86
6952980359462692,915447.2
3450517929375950,1338341.9
9565263831215453,1715501.1
3874097876127159,245752.53
4069229454446748,478459.1
1880329536731811,2838624.0
1988801030829251,3840786.0
5379945191296480,235683.58
7220023971125289,70004.81
4431064944590983,134895.58
5579153202079236,3309449.5
1386037147187066,145009.17
9568865731442839,91191.88
5532182825655738,58977.875
5921287428740219,188405.81
8434502813975328,69859.97
9654086722804235,125845.54
5727436406634164,99888.99
2072662324286237,128356.04
7846749195069150,648418.3
2086766354988392,77910.67
3174758688238069,1688600.9
1399340301268097,3715918.8
8354812659239938,357786.12
1602619297224515,117414.62
1684436328934891,886563.06
4777910062213827,5460881.5
1796348761910880,95102.83
9672075217964015,184941.81
1114002678987284,1935722.6
9062831935169879,199398.22
5399290107614878,216385.47
4931117768479158,91195.97
2024900100228344,1470495.1
8323585376394493,994041.6
9731056625474434,107836.27
1805294217497887,99164.26
3912687975526447,137448.7
3668778769914486,833934.8
3449270975525808,1439652.4
9170369987777362,258291.58
3981127429791751,965977.75
4343942602683913,96484.96
1341397008300427,1793435.0
1459458972876126,3207370.2
6150071456395517,530950.06
6722566894227005,843909.1
7030815442054493,95842.24
3878058627786012,368919.72
5389839951027533,469192.06
4966947226905234,948248.4
1954932282700355,216785.42
5258739779827991,95679.805
6419182121207333,816083.44
7561946138311463,67357.984
6761734616082419,125954.45
2775527699428051,731301.75
7590054058039590,252238.61
5986456051164888,114484.54
8940139585181604,109502.55
5469287395975688,2631946.2
6592655147599003,969158.5
1588833929232286,75317.98
4986049348510700,767204.1
7280586036599008,2469569.2
4404846685115097,3631081.2
3254965470232484,5450767.0
9532151774707250,190989.81
1234426419427313,91538.945
9679583161265312,142818.83
4318316705186573,115196.234
2801087086354309,57836.29
2688694327483532,992153.94
3676165078221566,1496907.6
6884514085454215,97735.11
7775575947519328,193523.12
3078199034249673,109984.09
3889837838087005,1666402.5
1703214608443128,1508040.1
2616470869254058,110507.6
5032438134227562,140598.55
3483373446367025,134798.55
4750908749687948,1751959.0
6203808687198765,150236.38
9092687240963751,246368.75
8222030791066802,158702.94
3808082453137934,254246.34
8819769800081153,129706.69
6919612531334322,145606.78
8505419795647078,82680.42
2905477487500053,396756.3
5362847355646504,3419822.0
8327634202274901,4399084.0
5961546790497430,956913.9
8944207786680741,88838.09
7338770322022467,114488.875
2423240852003814,177300.22
1269433299843155,601505.94
9170774462779135,107633.14
2973008618098218,236178.75
1242136461305201,130618.555
7798171463729461,111415.94
6450736926032600,88946.05
2328709755479806,99104.555
7556040691761023,181613.53
9703024104264962,153932.17
4832149171973910,356718.06
5650100321281375,1923575.1
6031836113791267,4121137.0
2573738803337849,101341.414
5016784613588469,1932054.5
2720700720053190,149844.6
5512258161462678,938199.06
2896835407757872,123285.99
2989150723769511,110927.06
4920778655570990,162152.28
8760296825915302,78197.47
7473042832028075,101521.58
1827210152185035,120259.8
4727554544990026,85146.305
6055969334644752,146167.28
3878832014623023,509608.56
7062753060749009,618663.6
8093200746959842,2653144.2
6546105482873257,197554.92
6545661895852656,291412.97
6002385791139804,100461.2
4312452870031224,98557.49
3727736250670827,475504.88
2299758349445614,197819.81
7217059305491399,66391.04
6519562639194320,549627.56
1777120042012631,1883337.4
3806436531473020,117817.48
8463141922439698,106117.99
4731341530706941,134059.84
1067297991746566,84411.17
7740754858307371,58606.74
5044492510873006,318661.28
1843201892832122,1388384.0
4646497962470180,905662.0
4775625697429280,88179.15
4819899599199887,142207.05
2469171348696342,128511.66
4269353123616951,379718.47
7448709850299066,181296.81
2584390205077574,86555.766
2852970993596960,179741.27
8822665043462311,3919532.0
1616922934742293,674785.9
1932565222415206,98306.86
1311847592267796,126899.03
4555247431669250,113541.76
4463078492796593,2284680.5
2241740720130067,103841.56
4631887172968667,107001.02
8107319536616476,585965.94
3151978129405247,131209.08
8914360811198462,168083.47
3529508913074874,106947.46
4140960681176248,182539.23
5934508901924787,90577.9
4945617583268311,88825.69
6623362044900523,94435.49
1516306504596450,78421.945
5511550519179059,233731.44
7372685834408561,66811.055
5385377830756311,100064.54
7659606902482734,113291.12
5442175392459365,3597766.5
6000025325449016,1190614.8
8965937404175905,86251.39
9137052348141102,2884962.2
9142299805220001,4413940.0
3210959179509046,97190.77
9949625947757038,298101.4
5053939527729691,251913.19
8554964386824389,131882.69
5259530782236890,2656026.0
1982575532823171,230357.75
5067931862617921,334148.53
2880436505183292,114185.625
3276906404625188,135493.27
1455639769233290,251726.81
6576511994744589,177711.45
6159664457101500,196601.86
3940781601421663,142756.89
9591952176852715,2112117.5
4659158844827653,264988.28
9687813958782644,723398.2
3113959179679358,800872.5
5835207471089959,67436.56
9981921946378317,70961.3
9912510087626249,1020873.6
5737382914376749,172115.47
8382579250111377,464522.66
5506127669006089,467902.94
8539219433095019,645286.75
2049581138703508,153520.9
6453423209274651,1562253.8
8212307789911588,259445.17
1593115594791588,2323596.5
5270097000197365,161720.6
1688920008319895,208960.88
2460480085365798,1162273.8
3451718254304862,81919.43
1827540049279879,91275.15
9656234070882375,2620443.8
7080041315911110,92554.836
5696109997132200,113773.46
1684394958377711,202295.77
2063296334614166,218687.9
8682089866026426,1578821.4
2159751775534313,96099.21
9374669109463069,116309.25
2889551343023000,127725.39
8711598034803144,2311473.0
7910845244106808,107355.586
3204004336327527,88425.47
4704288088991801,650574.25
3315129216762889,311502.22
7861512374223246,1145529.8
4387784116339688,79966.45
3069972098404465,86938.1
5313654692697819,94955.16
1894816112989632,843412.2
3123501590255969,77642.27
1827079869585644,1339912.2
5795774462551969,495578.06
6211057011183297,2380383.8
9938142778484008,924571.5
6718046735727245,548858.94
2357280931513629,83499.03
4384557322746719,3869953.8
4418862717716790,544856.5
3465435281134577,173377.95
3616897781064609,110526.95
2193095761282322,86868.16
2042615793105971,138049.05
2517147157208987,109024.88
2444249355453413,42655.992
3850773733935089,613423.44
7326676162202018,1743646.8
8234139531938739,84296.52
1729967846314378,90620.57
4923980242606814,397583.0
2271078759806325,237821.89
4182698464688599,97387.92
3501498809931029,101651.96
6482926700626389,349798.06
7241309894766755,1019208.44
3797393162380636,77305.97
8262225683502073,417903.75
9749454171707936,132933.72
8325563173473744,128502.195
8232954220974596,91273.12
8568862158475974,265967.6
7054773243912567,163662.3
4085584703511746,149187.38
2329433306993764,70265.09
8168340812287996,970400.6
6200547270251748,3064393.5
6593575034872368,1516558.8
6097784928442744,156432.64
7845634169965073,90417.56
2655331684997446,158572.47
7817877660763983,774397.2
6730456679438509,179809.16
8980133730588989,220682.88
7197757606838314,283728.3
6940132853638187,1270071.9
3201008747025346,347542.2
7294087688079059,682289.1
1181964013797218,292080.56
3897470930326202,837418.56
4767841069570005,1878474.1
7195608984596583,95190.1
4517754867537135,86235.82
9233004930067212,4696326.0
3531164061035639,105404.695
4177139308822897,3053367.2
7901669573175091,145270.3
7576538456239923,138131.45
5306321320333830,89527.07
9745812189319646,96551.46
2622568633905681,74523.15
5582276597827255,2925856.0
5775768038040977,2240277.0
1823891543563095,113290.73
6610802246356136,217480.69
2347765945187403,96453.89
7601324947310144,110086.53
5407275615079175,625587.2
7496860517690322,224991.83
6664368282831953,203918.6
2187949631722981,2706031.8
3589930715017304,132332.64
5950867352259269,212205.81
6103225195396472,320620.75
4881543947084135,467171.6
7345832838475683,117730.25
3131836396255108,233081.78
8815886756583930,169623.53
4789248264273545,2700688.0
5699589583071241,101162.22
9798436474800000,240762.36
8027178703611403,148530.12
6288833259763414,3247275.2
4979003382370185,135033.47
9000614362274190,463425.25
7055316957564586,2631976.0
6716860853789928,206978.28
5679066373444058,120806.79
3749813400912725,93461.945
1960218050096662,215374.92
1880453127679553,41606.785
7894993181910629,161376.16
6425290488906665,107590.01
4147956637998762,735709.1
1212094407749395,116298.734
3974527569192112,930579.5
5573442883571249,4072531.2
7155585196447121,198964.16
5029994917077623,336912.72
6817148055651204,634040.0
5214117007588029,302557.3
7147362825227110,1406414.5
3195596167722024,176949.38
1477459939832323,109341.76
6220884908200966,115793.92
7242025926465109,4118495.2
7170784703480540,728708.9
4991239738541481,248296.38
4233884472908518,833128.6
7387342881375228,1517383.8
3528051058024979,83615.23
3383722639071530,129163.05
7548827072890746,221783.81
4902582337952038,91788.37
2879823686005056,199061.19
5761582474907431,82115.195
3211892677317609,107111.66
4562756686372402,1284646.4
4302025760329096,3075850.8
6132934090856830,4089405.8
4685872602625507,130317.44
1549608819650525,98532.56
5788619076065643,376072.7
9104439936727005,456949.72
4605946022530431,87032.914
5800792938585067,95720.195
3677414006926716,550669.25
9415846975969937,468638.4
5977134395634852,131642.67
8696394091159329,794612.44
4532314393500251,227733.33
6382040546364640,1102144.2
2807210004863487,1631131.4
8662658203691076,1050812.4
6381543924288575,109635.09
8969963853832420,137469.72
5965075167878592,148112.1
3722951590611674,749656.7
8180696525496058,293814.7
2911857866380866,230708.22
8008307217263463,163953.81
8540545525180714,122446.336
5183391181116607,371568.0
8071764357951810,101793.6
7079561266831921,442409.03
3269374533653705,97933.34
8359608538499811,46470.367
4204490930341273,345883.2
1305524217271451,78194.79
2598530841659242,160436.34
6837801358705156,91569.9
2898208992480512,97878.5
2270509170571874,225597.0
2076930051523586,105866.48
1385352664857264,142739.56
6044528931480842,1248812.8
1961686899397014,164086.05
8150133170147559,57682.434
2666050899766263,1989511.1
3962562763190299,828292.1
9713430285128816,257158.17
9379849944373981,266511.84
3813177540396385,135725.84
3090667342299201,73604.57
3448699186144403,145399.84
4601687862088185,165794.03
5596445096150531,1025794.4
6502041389557772,74409.79
8605984103282068,148777.25
3095385965170146,100466.46
5015123566037550,104183.58
9007185308171209,93101.336
3540092170740430,104622.516
9784700835747860,76415.25
7013165601541752,369782.5
8345188364309572,272568.53
3569447750975182,3542502.0
4471007335044249,96780.06
7895209480100119,821298.0
4725843710431465,3097198.5
7753650963733546,1622785.4
9000624249957711,197286.98
5521884789226298,174243.36
5568434830148669,95013.914
5855296319761199,1862401.8
9071618622995438,1923705.0
1519595102778125,924665.56
6347234533821655,1459040.0
1782370711175260,159871.05
2904837864545588,550518.75
6861116130163586,681462.9
4849426362659169,122399.195
1332150435621223,274909.1
1085927302511218,2423892.2
3422726596514452,567072.75
1989025026893336,1714511.2
1718476553076666,675214.94
6626097887136163,170329.48
3939967403093327,731742.7
9817346780756767,149292.78
5898059317538161,122758.6
5039580898886849,299475.5
9143029216013301,146815.33
2100803596819510,76420.234
7400480912008153,1461055.5
3905547102957410,127482.766
1819365612096111,126785.29
5788064898524201,105405.9
1932008737875636,74195.484
5481573953111331,829325.4
4628164575777728,425398.25
1511136612073625,128092.234
1673560364253406,108614.17
6111038993439116,3441084.0
2587808676060647,150157.5
8367088043396811,1346770.0
3542476840908441,96145.97
8603336541240770,119657.18
8913228347972539,1020996.0
1419771839669286,92173.055
3787884082173017,2755737.5
3955305429167104,90304.805
6070815928072729,107385.51
9809515559806913,96334.086
5039297027727374,363276.97
3296440627812473,151419.73
9463325623699111,77116.336
4864648254031867,4919568.0
7919028116021290,1513364.2
8292615176841071,3656755.8
6858226275476180,1501226.9
6273900297331290,321772.53
9379231356223730,144291.8
7049420245297719,169907.7
1367790775632625,229593.3
3936639792049857,81551.81
3023142827950373,138331.97
8080577255037367,1222852.8
5544222595795878,159904.27
3422481587778010,116575.4
7359881015700725,121387.25
5111685558615796,515279.88
9593123432431659,463925.5
4656566823422929,946167.9
6274970753935654,250248.77
5110968085498558,260857.72
2372583666075115,630764.0
4173974058579466,974993.1
8642945826726091,417807.75
7555139717898138,92985.28
4925785826041713,128100.41
2791678196305676,153251.22
4070727698835050,2233453.5
2414926888869313,769721.5
2417011566953973,1105997.8
5041443093250222,106729.125
7438799647706243,299487.4
9398646861868884,1383823.4
5172117821898437,834224.56
6223781976041854,167942.33
4524348466197148,121353.0
5548704687032643,83229.53
8794105696850240,483310.34
8117088528283280,122328.24
5973784014560893,379333.9
1916913588875934,4127689.2
4794585561170756,577360.25
4078736396170952,262446.94
8760678473466600,111260.53
3728063467458813,1118064.5
6571481483015795,315633.75
3137607989893651,106784.29
9172795745948401,151677.0
6932901396462971,287931.5
5485303970557804,241202.4
1101601882950231,148717.48
2742773773984891,75321.44
4212119035923354,161055.92
9354709106391620,3984672.5
4512504223990170,123367.445
2419321020593023,2741091.8
5378596680291410,280625.94
7199100196439689,2453614.5
9450091111719380,470489.7
7357185014501564,438277.2
2010960042524662,114756.0
2309585689305815,99657.06
8879676320970896,1899869.8
8216913365126838,74453.32
7381268914134482,89382.625
9772025727499631,2708296.5
3366374608616937,106338.44
6280164330716838,78197.83
2256199178488269,511884.25
6120090423167181,467100.88
1663630741443134,96453.336
9300129193495827,152990.42
7969457582662181,136402.72
1013394337506106,116057.21
8217721007440126,93187.2
6833498340678168,1295063.1
8966989665865937,165610.44
6271138087972785,184087.77
7355160824173419,779838.4
5884694548088358,106374.94
7495399576891399,889773.4
1824445355701150,1044929.1
7733313980498723,196573.42
4672568111367712,103194.21
9381610002215215,59026.625
6034024190943799,820611.56
5365256476234434,2571603.2
9026330819466236,669366.1
2222039486985079,80174.28
6027354964302335,128843.14
5365839595758137,112173.766
8101110429433328,4690520.5
6102393963805617,78422.414
1821856252287732,3289406.0
1142701011656829,625895.2
8694076052022951,600327.7
2691313849278326,124136.77
6717891445001575,1337329.8
3842445637165526,57553.453
3327845520269656,137351.31
2188020644920506,2057589.4
4084194695766097,1133822.9
3694108089494503,4733804.5
4123391292628723,113091.4
1172985681865120,154119.64
7656190973664391,392531.25
4074532235277072,186312.42
6303002967612172,92832.27
4302907599122087,91882.61
5104803540876453,4806409.5
8324433597702038,278869.53
8330693815479517,3817644.0
5792073148245319,477523.97
5276596541496838,1062187.2
3847992526190268,235861.64
1875035757083537,321382.66
7930004515060152,79845.73
2308484672102038,155270.9
6809179071102818,125076.73
2721874260959783,190046.11
3080771531021325,113024.484
7904977168495232,285344.0
8448469802073742,743214.56
5491073020578993,677805.56
8728128610322536,2046860.9
2064625710863157,846226.7
1076360746501949,3239596.0
6653355295502069,2041002.8
1126492583347604,192903.73
5079213743117055,390021.44
7967520166253112,392328.2
5903793000144641,1007982.25
8524069001087429,1182603.8
1041693667112040,439662.2
1482152480635515,66314.19
3351981943370051,972069.25
7324376485362657,229343.9
2343849845656225,360720.1
8973479335004351,84307.12
5767962374433547,1944162.4
3394894753458332,809256.75
4756818280536090,3885211.5
6385050656676051,112655.88
9146277611178522,337093.5
7789655255950210,983760.5
1676785392107286,148714.34
7874419716307855,127140.63
2970470203165562,67905.08
1316680040161259,2336323.2
6786439988514721,248247.94
9221515564159177,199270.2
3819654477165298,1846223.2
3809022744762300,518418.9
2699499856328061,103547.39
4698454824006309,113178.03
9064579862990582,121658.65
6608245928050229,2430766.5
2485316884594912,403812.88
5241091944502603,2916226.8
2247632345410012,87774.164
6457503550809106,441003.0
5918117039354188,154868.03
5412598339764332,658101.56
9067159582483015,1082621.6
7335934243034190,124908.24
8450805328117635,225461.72
7855849556382079,120616.266
2438894161276654,146423.53
5281693345582763,1162881.5
6991524743444052,117779.75
2276500975676389,106992.68
1084146594449430,1068296.2
8574519981767181,108132.05
1254166369278666,4494784.0
9370098799713782,80253.68
6376849805585840,1101833.9
6426578810798918,248342.78
8341199900877546,75864.99
5658121431315461,136255.81
1002138001845721,597259.56
3080124112890565,103561.08
7033754607268462,325350.34
3769117374513422,292866.97
6738944000638291,1589544.5
1801299191702158,142895.61
3418984928894637,148655.14
6872738610802942,92254.695
2268908926720016,566628.6
6162120220095843,2194279.0
5483954919434552,2197453.8
8856512090503833,647209.56
7914105782125519,108639.914
3684050624549603,3689676.5
7707431543203109,74367.85
4312537899017116,166638.55
1931375757402530,1931739.0
8234398646930421,3682048.0
7540791531715239,459287.5
3539100715498298,1072609.4
8920158496474558,345272.84
7944593448851256,142831.31
5585085007112766,3121671.5
7224736130587679,278480.97
5553763405213187,5041458.5
8757522915592319,699836.56
5575626039082417,105427.03
1319021350599900,326141.38
9295579028314558,1455521.6
8577244969173303,119839.88
3499402856313273,438632.03
8514366548922943,160987.72
1149508956834039,750865.8
3758573547429276,166511.19
1582972232367021,1576554.0
8729511444823920,1293785.9
3181090926415935,95800.25
8635522326454007,137699.97
1810687296783721,936463.5
8724931147286441,651826.44
2045822140088485,117344.484
5428016460678816,163034.69
6385461553031835,94192.47
5712764585037228,149394.06
8262605240030444,140099.39
9447287551796849,107669.83
5564350557180767,102671.42
4445838233971016,91310.26
4323064374000699,907670.2
9528827668754047,1097604.4
8332060227989424,155771.64
1726801223020290,74473.53
5382350989462384,95712.33
4294413646982901,125590.805
9554196747312107,435515.53
1618914343024314,1065939.8
6609264211295941,73425.35
1722358356746997,2527455.8
6719384334087781,899966.2
7940417040485850,110074.91
6765414069868896,437197.38
7856616750580326,2138217.0
2011508893192611,167576.4
7509864871848130,383860.44
6884914744589129,80350.13
7017165907794026,687326.3
3017697653609592,104658.586
5693703772468252,569664.1
2840790030952358,397378.8
8270370046081801,85222.43
9029186126037636,2553086.0
3823434768465239,108543.516
8588044327932880,284559.22
8542796987904098,3492546.5
2098170567447740,125700.945
1969883686718148,300261.62
1369327114081652,750191.3
6522708032532928,126333.3
5618472362018342,107563.07
3562301163089485,428564.25
4561468330272963,567499.56
4763629165949210,78335.84
1759813933477807,499139.16
2002956679420846,601332.0
4686958748239946,187903.62
5644845558387186,946995.25
2317290926088060,274118.66
5773793002266616,116400.56
4340927010203914,121682.66
4493995308197539,1612069.2
7376657115531345,102832.016
9100272844588098,118577.67
7408103785149481,1579897.0
3218984346732891,147087.56
6360967440797298,1669664.6
9973189574478203,151347.31
8211854359036044,1527978.5
3816510699544302,182918.66
8759898621639352,702296.7
9407440003913939,464682.97
8391774987208846,3881098.5
8866389157298704,745200.75
7004327245241156,93693.6
6072437262643291,145622.97
1073214637903309,189279.39
5944290867974495,87314.28
6782317238447306,357642.53
8412140755923784,101197.94
8090721289043583,287824.62
4684203106639463,147299.03
6508685280899044,113324.29
2175810910814849,246054.62
9268537511802424,94595.56
9169312704006618,136273.6
9855391863274883,167546.0
9694192544852222,150983.88
8648146945244840,259085.14
7180868064453678,41570.0
3693372489938074,1327516.2
5584053394249028,82655.02
3119959930946656,197667.23
3068257133100673,210816.45
2182200217763046,2142017.8
8995658108594691,452247.97
6445173212645290,264607.06
3423469049164547,90112.26
3113805697323544,101921.73
9329919913750811,2188164.5
8190998799215462,214481.0
3699649146928051,88015.15
5474959160429073,1399678.4
9540267524164059,128146.12
2248038806228273,1236280.1
3594742099238947,422073.38
7487185374215652,1587364.8
2090618275820974,111399.12
4867980955641146,1004544.0
2903489974475855,1794671.2
4005177206409222,145727.27
9269832131614621,123963.4
8199991172162330,368788.0
7628434768695277,129787.06
6600571433869375,87470.08
3034961728449032,813875.8
6549029191584437,746526.5
4002415154735824,68443.08
3129181470058991,2295301.2
4360103728683280,258425.12
3001097478968498,1026971.94
8609018400404766,2445890.5
9902651822686791,747500.06
9586605069237397,338637.22
1962483367795281,2767145.0
5866445277675556,109728.35
4270288411534115,160520.39
7218266288544484,106683.69
5455903490129120,84090.19
3166910793140070,116688.38
2825204159492935,85461.45
5522978607729973,513062.28
2417150994343852,94835.51
4526500226768218,185884.81
7438097116747630,156708.4
7993464605356643,1408957.9
6656010709136274,409029.53
9257436189501264,357283.47
9731543929051904,283449.03
4283502433946864,1784545.8
5911628999686698,147543.89
5843752824976636,1119458.6
6469555933207529,125637.93
4844544967053432,2928850.0
3215466291695245,682871.7
2918354587212510,3245076.2
2092150967381643,337358.0
4948951823810288,101102.055
1954767349180866,807363.5
2470178247516925,344482.0
6794219524019465,4044983.0
6958921395695593,332124.1
5055873371371559,165631.58
8996661931494229,630071.6
3280768417967335,229821.02
9554282441889493,4197428.0
6758515571387606,102769.85
8774619215390632,362024.88
6505642330729959,112368.06
1685964259754732,1643994.8
9979090772638474,3122107.2
9425860759122706,433812.56
4023879994051793,132956.28
3510482750723029,130078.91
4257663412821658,73770.0
3463996996442962,2974555.5
4309479026222796,123535.75
1244250421662153,113963.555
9075316116990863,113498.81
6187947983697750,143542.92
7610488242077985,74949.086
4238705826609104,96999.76
6884162147304500,151213.3
5678035543066059,146419.39
7139469612935100,815395.8
7832358886555725,131188.19
8480540576401407,2738180.0
2703793485754936,52989.973
3129995347527482,148737.16
9462772884328977,2138058.8
5427337265857040,1194563.5
7275207855504459,183416.39
1113534149361657,104612.016
5528434960755450,161374.7
6192723565411057,142031.62
8215967176328997,432203.84
6439168005748672,2642587.2
9303738997646196,111721.94
1015154608024446,154669.97
1880409505993620,85389.27
6889886280885356,1371961.5
1812410202729058,79421.14
8691725217790984,272709.22
5073430998552734,220619.1
9020839848949648,1552964.5
8967801058094387,176130.92
3917589533795150,307838.47
6031575522537609,80665.516
2626451579377046,1047953.0
7515896880532362,2876622.2
1580003376714531,105383.23
7149567411725849,106970.46
9768116222416095,1086167.1
4715853047040642,2315763.5
1229151089064577,161507.62
8551037622725539,93128.09
5613206529712827,145005.81
9044511496695292,275330.62
6419893496940294,95002.05
4269605681027495,2019258.0
7256305379109484,493142.53
1400841679060418,3001891.0
5026793019354974,2120214.5
9053140694084666,126096.03
7318063896135518,112282.96
4472503490086611,1424376.6
5513834512602397,93117.2
1809812142118647,116012.266
3105886451208853,288434.75
3849853974389779,270080.47
3927569469770814,363312.94
9453436445000448,110813.016
3885852442217443,96313.05
2820532609139135,3566297.8
1263515799392487,100736.73
9265321743748785,124795.22
7904965153199676,158968.47
3204356117659787,543322.1
9359735948657486,276616.1
2649097705746601,4154420.0
9781103341623034,182214.75
9547487594851007,107993.49
3091548815979734,127447.23
7501827998569576,377766.44
9645467672754051,246621.83
4115147042478022,162847.97
7257857804177421,86746.086
7812908948774374,1252097.5
3261518705649193,2112754.5
8589417638893284,470205.62
2996107029419407,339586.72
8106233050910135,261366.55
3571720825088333,184937.44
1921028585677148,274008.0
4117271618073431,191768.67
5011925738091564,101694.47
3048818787728827,528116.8
1472563603866832,873780.9
3544494890037867,1086054.2
1363506423835875,117100.664
5967418049424749,378722.47
8068065620436009,203698.86
8429494826164140,214945.17
9898306639736467,125325.09
9579077948544760,917648.75
5185479188451442,92246.5
3855929636302865,63575.996
2519299264463849,219696.81
5076548063465523,103716.05
4611292932376172,1943821.6
7557880879267622,159560.31
8739184796539324,98894.45
5720134221075398,3173144.2
8829181583315135,133724.52
7953775561907885,705297.5
2914818699294484,153900.75
6416710889140380,123297.77
1181592129674815,1098924.4
8577271130162937,139327.55
2924444556646249,260478.47
6904757999074798,187094.45
4185209611105048,2384955.5
9098916539618780,2725469.5
9919674495298555,97232.8
8087111112266208,4317180.0
5926072017468221,3081138.0
7144728177316080,138439.78
6695862442121987,107734.01
2229338548551333,2054118.4
8330294159978571,136850.58
3040483917035383,2362908.0
2666115217405446,291636.72
2363310465493363,485821.44
7848604960436692,89513.15
5693700950936391,182643.78
3981726302853061,112759.53
2741427506008057,107096.28
7605766521180074,211242.12
7941131156517505,94470.44
6942687016402699,641394.56
2583826962248732,1081422.2
8846631137390680,804723.5
6460278459086576,1281238.8
5136987469186160,92167.336
1641957324618354,122293.0
3321615412257991,3120962.0
3637304871406512,99820.95
2751882957719382,238434.03
8673796246753352,132409.53
4967065302192745,76177.31
4731529367636624,585780.6
9397119260217661,1288745.2
3416816827280926,204335.88
7823421777567380,4257091.0
7703915104162704,262065.64
8088910007847636,3491866.0
7148958665681973,1159855.2
1421150284587121,244423.22
8617582641883243,249878.58
2382263922728042,114719.49
5509736231816799,351439.34
3474936546484372,240672.72
1247303274623221,75614.836
1570919878350434,354930.06
6360741514487082,480422.84
2313158045833321,110736.11
1654672988243416,51971.285
4210873868930513,810136.4
8185573177761444,1705325.2
7512549712074364,534245.75
4224598509179650,816653.5
7811284684194567,296505.2
2923818973980975,94081.77
7821740768493751,194910.17
2348944147023136,1339424.0
7510760443341574,372257.34
7396040033104274,3135253.5
3209450918490563,118999.35
1292074870066845,1308504.6
7763843903405330,112205.484
5022621688257702,71066.195
6750648801386257,4247707.0
1138752191323195,81885.58
6644103993374830,2834209.5
9758558310088309,320267.22
5645724471725860,74244.266
3788382137556377,971416.6
2666843992397521,133605.64
1134108790147103,114544.45
1417624043035562,259910.17
6753762306299988,230788.75
4138005621059705,153271.55
9554031708939542,1140502.1
9266936644586149,109395.68
5558665993860086,103836.11
6281616852255647,124087.984
2612525676899373,121777.36
9352742695267956,1872384.2
5069822690346089,87905.086
5456329722212825,1289852.0
7926906534347692,4661860.0
4392920961047248,152504.66
3063029746513718,1227124.4
7008315908902846,433288.66
5752119814462476,339545.3
4792627466501136,1209858.8
1247643182140658,149702.08
3826783679873983,258013.8
8673082909180189,2719770.0
5417566027677808,1366247.5
4369108022529867,112531.56
5092633449928416,267704.66
7714378443180651,134495.66
9315084512631406,65679.79
3567207631078887,1377426.0
7135413554781539,957473.4
7074308142049659,1049935.5
2189116465536982,944715.4
4534006113821509,88076.18
4380139950232240,109894.29
8359310825804270,1083429.6
6791133646897482,140550.11
7286361464870454,90110.79
3881479059606409,857498.8
8461778894644974,139806.33
3671866766427515,2261839.8
9087245847099634,86525.31
1423476520588940,232117.33
6441547974243179,306129.5
1088974290153099,93616.36
2442206000714690,461914.3
4825523674680651,325647.38
2623804797072609,245468.27
9575008903097516,99321.43
2259025121113977,123383.766
5291744568337502,96211.23
3354374902580209,110637.164
5124216475775021,642447.2
4735401185169609,199704.56
5071676812401938,601437.25
6259214171852761,130823.695
6905538685680860,1338919.1
2395614966228918,461834.78
7647514061741052,101687.7
8018357465733781,1612160.8
2069670325284941,130448.11
1732905016514703,186161.78
6788883184887573,79821.43
7326508262781432,117008.09
1142327992572795,103741.26
9590789834925740,115323.945
5249192025501919,489338.84
6767277347383559,2484427.5
4689271656946147,475922.12
6542329602106675,91571.29
2544250436572794,4615512.0
4351845348135991,85986.47
3125758571652871,234112.86
3984791408327702,622344.75
4017424203897941,74509.31
5625925698507409,135589.56
2777974254376831,192713.58
5482702429085207,114510.086
3582514484713664,150864.1
9853959672552631,91753.984
3616014972099360,123292.945
5221804126588863,91851.65
4029452816651949,553037.06
3624752783500470,927134.56
7649613962101083,146433.03
9057600967561306,160877.75
3361039476537933,1174744.0
3869900528893723,157964.75
8747942670341830,155277.7
2498995623460199,91343.09
5336378291482028,242549.48
5905790013059930,122408.83
9971928209530292,140736.16
1231154772991738,266410.12
8153405188435812,110057.09
2962955456652852,2287826.5
1386822389198187,3860518.8
8759496531456577,1419582.0
7360105546100716,68598.55
1871467007527785,334683.2
6764282564174522,2697250.0
2503273198724502,3685680.5
9343765298857294,83937.76
6287814923293823,97209.74
1899206077605140,77954.08
5105995264899658,1110536.6
1579250296632617,682569.3
5908733270178018,1686539.8
6781309803680690,95392.195
9225081663084499,458737.34
1034978240476968,1787827.2
2841553686366974,84916.32
3635081485322518,119112.41
2633966659720773,259323.17
6956212036042863,4316606.5
4793459653070441,73984.17
5071252541077680,139174.05
1693619719958079,134627.53
3747955387843038,100278.64
3012121640298833,93936.48
6409445844023254,116264.39
4349931350583539,166787.27
3312615304474636,3862402.0
2026000730499551,110193.16
5777695375814457,86382.47
2334616423697627,1984979.1
3480982457588574,158934.88
8712248421339626,77295.91
6882039863106721,299675.94
5456836329093957,445799.7
8147259016349279,1107686.9
3324800724501064,74842.984
6549898469906115,161327.53
8856050493310637,233660.45
4165599663438256,89701.52
3648657843042055,968615.1
6005474576073348,265446.1
8695761113753480,666580.06
7158638389616484,265172.5
5677487427847738,956258.6
6741216076100203,1701655.8
2039306793985441,327890.03
1447124427876532,224247.7
8578215722200979,92008.08
2109217581819926,230163.56
8354905123471501,9228.48
6490464127598689,88873.08
4029608258165924,1997218.5
5488211705474490,73751.5
2236575129502572,2397077.8
9436898814485422,277859.47
1932339236330830,84644.61
1732830609300260,218207.8
9898893703020633,2386742.2
9969299521896480,405157.12
3151574033384803,861536.4
3052654478495394,538817.0
8284640211694264,112846.0
6630311375403746,79699.65
9604123896098811,495238.34
4563438707843273,135558.11
6866383402308515,1845071.6
7163803470769507,113262.85
7023113373145607,1380407.8
5763523056428772,148315.02
6264571286229003,402186.38
6750886127875619,354252.7
8365559896039995,111446.484
5501929518135733,128339.78
7271768369416456,1313255.6
9070817556406371,4438733.0
1775810076997271,311071.7
4139172579407302,122178.625
8587343735723207,1296812.0
9638017229327816,131956.44
5365591288860596,142781.62
5923473727325055,883351.9
8893815260497068,465480.44
4464083932711601,2485516.0
4146214235894657,280033.88
2961150399486996,639945.9
6655345535250313,584076.6
3511947149931901,445807.5
1708328649250847,161002.52
4267162276865228,2653274.2
5969774648399520,123417.54
3163543033467682,225946.92
8673099709564580,316981.44
4599523897752325,763151.75
5033735552499766,92786.3
4680500221052941,1420497.5
2457927540205369,152844.19
7679905960554896,1098267.2
5506586633763995,1628580.9
2418271439486614,193827.17
9810045494027910,1146255.8
4665206721036845,123139.31
6973234500063459,99820.47
4335874142209454,171474.42
1620074774366251,90011.06
6642722291229933,95072.984
4574908629322531,115607.484
8016348036236683,119107.195
3750753512301984,89861.52
5113785206672951,282847.75
4570311816652462,1467740.1
9343924960759971,563959.75
2093265428679591,307343.4
5375592389601458,2052497.0
9764530159790208,95350.09
6633730050669031,227301.84
8835340108622176,500563.84
8674640667043441,96046.82
5161043500106041,151634.66
6667476368102677,89001.36
1222898611039001,151884.89
2158056236845634,78240.29
3639640411065106,60763.38
4835105952428996,391192.22
5500927269838731,104784.38
1589389942537164,4946048.5
7711650533755987,1293674.6
1556747510380238,201581.84
9612272202481233,2754016.0
3512748765340891,520192.94
8311271031719837,309671.12
3609974288388192,55389.184
5750161785802190,88361.53
1305372181747252,91233.95
9215583014331199,67252.695
3230460991384378,140714.78
7655588801192044,101144.11
9582799153696925,200204.88
4380777657532696,183762.6
1857195273069696,1026610.7
8337372470144635,182170.1
4879042431696215,153913.12
9952675628015059,153704.17
1917536359048563,69657.02
6739393381449276,1285309.2
